{"stat.chestOpened":5,"stat.pickup.minecraft.tripwire_hook":2,"stat.leaveGame":2,"stat.pickup.minecraft.iron_sword":2,"stat.drop.minecraft.gunpowder":5,"stat.pickup.minecraft.deadbush":1,"stat.jump":23,"stat.pickup.minecraft.iron_helmet":2,"stat.pickup.minecraft.iron_ingot":66,"stat.pickup.minecraft.enchanted_book":2,"stat.fallOneCm":422,"stat.drop.minecraft.dye":1,"stat.useItem.minecraft.trapped_chest":6,"stat.pickup.minecraft.gunpowder":12,"stat.crouchOneCm":283,"stat.mineBlock.minecraft.chest":3,"stat.pickup.minecraft.dirt":12,"stat.pickup.minecraft.red_mushroom":3,"stat.pickup.minecraft.iron_boots":2,"stat.drop.minecraft.iron_sword":3,"stat.damageTaken":75,"stat.pickup.minecraft.feather":5,"stat.pickup.minecraft.gold_block":192,"stat.pickup.minecraft.dye":26,"stat.pickup.minecraft.diamond_leggings":2,"stat.pickup.minecraft.iron_leggings":2,"stat.flyOneCm":3877,"stat.pickup.minecraft.brown_mushroom":3,"stat.pickup.minecraft.emerald_block":64,"stat.damageDealt":76,"stat.timeSinceDeath":85767,"stat.drop.minecraft.stick":2,"stat.walkOneCm":46901,"stat.trappedChestTriggered":2,"stat.useItem.minecraft.chest":9,"stat.pickup.minecraft.stick":11,"stat.drop.minecraft.red_flower":1,"stat.sprintOneCm":14153,"stat.pickup.minecraft.paper":2,"stat.pickup.minecraft.iron_chestplate":3,"stat.pickup.minecraft.gold_ingot":66,"stat.pickup.minecraft.fireworks":64,"stat.pickup.minecraft.diamond_helmet":2,"stat.pickup.minecraft.emerald":2,"stat.pickup.minecraft.diamond_chestplate":2,"stat.pickup.minecraft.diamond_boots":3,"stat.pickup.minecraft.diamond":66,"stat.drop":11,"stat.playOneMinute":85767,"stat.pickup.minecraft.red_flower":19,"stat.sneakTime":463,"stat.pickup.minecraft.diamond_block":128,"stat.pickup.minecraft.elytra":2,"stat.pickup.minecraft.iron_block":192,"stat.drop.minecraft.chest":3,"stat.pickup.minecraft.yellow_flower":3,"stat.pickup.minecraft.trapped_chest":6,"stat.pickup.minecraft.chest":13}