{"stat.chestOpened":4,"stat.killEntity.Skeleton":1,"stat.useItem.minecraft.stone_slab":131,"stat.walkOneCm":20955,"stat.pickup.minecraft.bone":1,"stat.useItem.minecraft.bed":3,"stat.pickup.minecraft.stone_stairs":64,"stat.leaveGame":1,"stat.damageTaken":80,"stat.pickup.minecraft.feather":4,"stat.killEntity.Parrot":2,"stat.mobKills":4,"stat.killEntity.Creeper":1,"stat.useItem.minecraft.diamond_sword":6,"stat.useItem.minecraft.anvil":2,"stat.flyOneCm":159651,"stat.useItem.minecraft.cobblestone_wall":8,"stat.jump":151,"stat.swimOneCm":214,"stat.playOneMinute":25165,"stat.useItem.minecraft.concrete_powder":13,"stat.fallOneCm":209,"stat.climbOneCm":615,"stat.sneakTime":4053,"stat.damageDealt":349,"stat.crouchOneCm":10565,"stat.timeSinceDeath":25165,"stat.pickup.minecraft.stone_slab":64,"stat.useItem.minecraft.dirt":3,"stat.sprintOneCm":20601,"stat.useItem.minecraft.spawn_egg":4}