{"stat.drop.minecraft.stone_pickaxe":4,"stat.useItem.minecraft.end_bricks":13,"stat.useItem.minecraft.quartz_block":12,"stat.leaveGame":9,"stat.drop.minecraft.tripwire_hook":2,"stat.drop.minecraft.stone_shovel":4,"stat.drop.minecraft.gunpowder":7,"stat.pickup.minecraft.stone_pickaxe":4,"stat.drop.minecraft.red_mushroom":3,"stat.killEntity.Parrot":4,"stat.useItem.minecraft.glowstone":142,"stat.drop.minecraft.enchanted_book":2,"stat.swimOneCm":4981,"stat.useItem.minecraft.concrete_powder":16,"stat.useItem.minecraft.planks":698,"stat.climbOneCm":3175,"stat.useItem.minecraft.nether_brick_stairs":6,"stat.drop.minecraft.feather":5,"stat.drop.minecraft.brown_mushroom":3,"stat.useItem.minecraft.obsidian":41,"stat.useItem.minecraft.redstone_torch":17,"stat.useItem.minecraft.dirt":1090,"stat.pickup.minecraft.bow":1,"stat.pickup.minecraft.rotten_flesh":4,"stat.pickup.minecraft.stone_hoe":4,"stat.useItem.minecraft.purpur_stairs":4,"stat.drop.minecraft.elytra":2,"stat.useItem.minecraft.anvil":1,"stat.flyOneCm":2610597,"stat.drop.minecraft.iron_helmet":2,"stat.drop.minecraft.gold_ingot":66,"stat.timeSinceDeath":536095,"stat.drop.minecraft.diamond":66,"stat.useItem.minecraft.sign":5,"stat.pickup.minecraft.stained_hardened_clay":1,"stat.useItem.minecraft.wooden_slab":406,"stat.useItem.minecraft.iron_shovel":762,"stat.drop.minecraft.diamond_chestplate":2,"stat.useItem.minecraft.oak_stairs":41,"stat.drop.minecraft.stained_glass":1,"stat.drop.minecraft.diamond_block":128,"stat.drop.minecraft.dirt":12,"stat.pickup.minecraft.iron_shovel":1,"stat.drop.minecraft.red_flower":18,"stat.drop.minecraft.stone_slab":64,"stat.pickup.minecraft.string":1,"stat.useItem.minecraft.end_stone":33,"stat.useItem.minecraft.purpur_pillar":145,"stat.drop.minecraft.stained_hardened_clay":1,"stat.drop.minecraft.diamond_helmet":2,"stat.drop.minecraft.monster_egg":1,"stat.useItem.minecraft.trapdoor":2,"stat.sprintOneCm":468541,"stat.useItem.minecraft.diamond_shovel":955,"stat.useItem.minecraft.stained_glass":113,"stat.useItem.minecraft.fence":96,"stat.useItem.minecraft.stone_stairs":305,"stat.drop.minecraft.stone_hoe":4,"stat.useItem.minecraft.stone_slab":603,"stat.useItem.minecraft.bed":2,"stat.useItem.minecraft.flint_and_steel":2,"stat.drop.minecraft.cooked_fish":192,"stat.useItem.minecraft.structure_block":41,"stat.drop.minecraft.fireworks":64,"stat.useItem.minecraft.ender_eye":13,"stat.drop.minecraft.lava_bucket":1,"stat.pickup.minecraft.spawn_egg":1,"stat.drop":152,"stat.pickup.minecraft.egg":7,"stat.playOneMinute":536095,"stat.useItem.minecraft.jungle_stairs":234,"stat.useItem.minecraft.ladder":10,"stat.useItem.minecraft.nether_brick":283,"stat.useItem.minecraft.purpur_block":85,"stat.drop.minecraft.iron_boots":2,"stat.killEntity.Zombie":1,"stat.drop.minecraft.chest":8,"stat.drop.minecraft.iron_ingot":66,"stat.mineBlock.minecraft.tallgrass":1,"stat.diveOneCm":1502,"stat.chestOpened":21,"stat.drop.minecraft.stone_stairs":64,"stat.pickup.minecraft.sign":2,"stat.useItem.minecraft.stone":177,"stat.pickup.minecraft.stone_axe":4,"stat.useItem.minecraft.stained_glass_pane":40,"stat.jump":1283,"stat.fallOneCm":484,"stat.drop.minecraft.dye":25,"stat.drop.minecraft.stone_sword":3,"stat.crouchOneCm":3399,"stat.drop.minecraft.iron_shovel":1,"stat.craftingTableInteraction":1,"stat.useItem.minecraft.glass":4,"stat.pickup.minecraft.stone_shovel":4,"stat.drop.minecraft.gold_block":192,"stat.useItem.minecraft.redstone_lamp":29,"stat.pickup.minecraft.feather":17,"stat.drop.minecraft.iron_leggings":2,"stat.pickup.minecraft.monster_egg":1,"stat.useItem.minecraft.end_portal_frame":24,"stat.pickup.minecraft.wheat_seeds":2,"stat.pickup.minecraft.stained_glass":1,"stat.damageDealt":1000,"stat.useItem.minecraft.wool":62,"stat.sleepInBed":1,"stat.useItem.minecraft.crafting_table":1,"stat.drop.minecraft.stick":9,"stat.drop.minecraft.emerald_block":64,"stat.useItem.minecraft.iron_bars":95,"stat.walkOneCm":956735,"stat.drop.minecraft.paper":2,"stat.useItem.minecraft.torch":21,"stat.useItem.minecraft.chest":2,"stat.useItem.minecraft.log":637,"stat.useItem.minecraft.cobblestone":418,"stat.useItem.minecraft.lava_bucket":11,"stat.drop.minecraft.iron_block":192,"stat.drop.minecraft.glass_pane":1,"stat.useItem.minecraft.redstone_block":10,"stat.drop.minecraft.iron_chestplate":3,"stat.useItem.minecraft.spruce_stairs":485,"stat.pickup.minecraft.chicken":4,"stat.drop.minecraft.emerald":2,"stat.drop.minecraft.diamond_leggings":2,"stat.useItem.minecraft.stained_hardened_clay":131,"stat.pickup.minecraft.sapling":4,"stat.pickup.minecraft.apple":1,"stat.useItem.minecraft.concrete":328,"stat.useItem.minecraft.glass_pane":47,"stat.useItem.minecraft.netherrack":148,"stat.killEntity.Skeleton":1,"stat.drop.minecraft.deadbush":1,"stat.drop.minecraft.trapped_chest":6,"stat.useItem.minecraft.jungle_door":3,"stat.pickup.minecraft.stone_sword":3,"stat.drop.minecraft.diamond_boots":3,"stat.mobKills":6,"stat.useItem.minecraft.stonebrick":178,"stat.useItem.minecraft.monster_egg":318,"stat.useItem.minecraft.cobblestone_wall":600,"stat.sneakTime":868,"stat.drop.minecraft.stone_axe":4,"stat.pickup.minecraft.cooked_fish":192,"stat.drop.minecraft.yellow_flower":3,"stat.pickup.minecraft.yellow_flower":1,"stat.pickup.minecraft.chest":1}