{"stat.chestOpened":2,"stat.walkOneCm":41190,"stat.leaveGame":6,"stat.mineBlock.minecraft.yellow_flower":1,"stat.mineBlock.minecraft.double_plant":1,"stat.useItem.minecraft.stained_glass_pane":13,"stat.jump":83,"stat.swimOneCm":999,"stat.fallOneCm":629,"stat.useItem.minecraft.planks":2,"stat.climbOneCm":536,"stat.pickup.minecraft.porkchop":2,"stat.useItem.minecraft.spruce_stairs":13,"stat.crouchOneCm":1348,"stat.damageTaken":190,"stat.mobKills":1,"stat.flyOneCm":54611,"stat.playOneMinute":31104,"stat.sneakTime":960,"stat.damageDealt":100,"stat.timeSinceDeath":31104,"stat.pickup.minecraft.yellow_flower":1,"stat.killEntity.Pig":1,"stat.mineBlock.minecraft.tallgrass":1,"stat.diveOneCm":1680}