{"stat.useItem.minecraft.bow":18,"stat.walkOneCm":37826,"stat.useItem.minecraft.stone":2,"stat.leaveGame":3,"stat.useItem.minecraft.log":27,"stat.useItem.minecraft.glowstone":1,"stat.drop.minecraft.spawn_egg":4,"stat.jump":41,"stat.fallOneCm":615,"stat.useItem.minecraft.piston":10,"stat.useItem.minecraft.spruce_stairs":17,"stat.crouchOneCm":2130,"stat.pickup.minecraft.chicken":3,"stat.useItem.minecraft.redstone_torch":10,"stat.useItem.minecraft.dirt":170,"stat.sprintOneCm":4302,"stat.useItem.minecraft.stained_glass":4,"stat.useItem.minecraft.tallgrass":4,"stat.useItem.minecraft.light_weighted_pressure_plate":4,"stat.useItem.minecraft.stone_stairs":19,"stat.drop.minecraft.bow":1,"stat.useItem.minecraft.dark_oak_door":5,"stat.useItem.minecraft.stone_slab":8,"stat.useItem.minecraft.egg":92,"stat.killEntity.Chicken":7,"stat.useItem.minecraft.flint_and_steel":1,"stat.damageTaken":150,"stat.pickup.minecraft.feather":2,"stat.mobKills":12,"stat.flyOneCm":117671,"stat.useItem.minecraft.monster_egg":7,"stat.useItem.minecraft.cobblestone_wall":9,"stat.drop":5,"stat.pickup.minecraft.egg":1,"stat.playOneMinute":19706,"stat.sneakTime":1123,"stat.damageDealt":169,"stat.killEntity.Zombie":2,"stat.timeSinceDeath":19706,"stat.useItem.minecraft.spawn_egg":43,"stat.diveOneCm":25}