{"stat.chestOpened":12,"stat.walkOneCm":29662,"stat.useItem.minecraft.chest":4,"stat.leaveGame":3,"stat.swimOneCm":131,"stat.jump":121,"stat.fallOneCm":2100,"stat.pickup.minecraft.gunpowder":320,"stat.crouchOneCm":6866,"stat.pickup.minecraft.dirt":2,"stat.useItem.minecraft.dirt":4,"stat.sprintOneCm":20558,"stat.useItem.minecraft.egg":2,"stat.damageTaken":50,"stat.aviateOneCm":181483,"stat.flyOneCm":138683,"stat.pickup.minecraft.egg":3,"stat.playOneMinute":52214,"stat.sneakTime":1334,"stat.damageDealt":30,"stat.timeSinceDeath":52214,"stat.mineBlock.minecraft.dirt":2}