{"stat.chestOpened":19,"stat.pickup.minecraft.spruce_door":6,"stat.pickup.minecraft.bone":2,"stat.useItem.minecraft.quartz_block":20,"stat.useItem.minecraft.stone":92,"stat.useItem.minecraft.repeater":2,"stat.leaveGame":2,"stat.pickup.minecraft.arrow":2,"stat.useItem.minecraft.sponge":2,"stat.useItem.minecraft.stained_glass_pane":33,"stat.useItem.minecraft.glowstone":9,"stat.jump":605,"stat.swimOneCm":2052,"stat.useItem.minecraft.planks":107,"stat.climbOneCm":2768,"stat.fallOneCm":11956,"stat.useItem.minecraft.piston":4,"stat.crouchOneCm":48906,"stat.useItem.minecraft.obsidian":45,"stat.useItem.minecraft.dirt":198,"stat.useItem.minecraft.water_bucket":5,"stat.useItem.minecraft.glass":15,"stat.useItem.minecraft.redstone_lamp":1,"stat.useItem.minecraft.egg":1,"stat.pickup.minecraft.feather":3,"stat.damageTaken":1120,"stat.useItem.minecraft.spruce_fence_gate":1,"stat.pickup.minecraft.reeds":1,"stat.flyOneCm":1455399,"stat.pickup.minecraft.wheat_seeds":3,"stat.useItem.minecraft.magma":1,"stat.damageDealt":38,"stat.pickup.minecraft.redstone":2,"stat.useItem.minecraft.wool":343,"stat.timeSinceDeath":2292,"stat.useItem.minecraft.sign":7,"stat.useItem.minecraft.spawn_egg":10,"stat.useItem.minecraft.wooden_slab":232,"stat.useItem.minecraft.iron_bars":29,"stat.pickup.minecraft.flint_and_steel":1,"stat.walkOneCm":327826,"stat.useItem.minecraft.torch":32,"stat.useItem.minecraft.chest":5,"stat.useItem.minecraft.observer":2,"stat.useItem.minecraft.log":1,"stat.useItem.minecraft.oak_stairs":12,"stat.useItem.minecraft.cobblestone":79,"stat.drop.minecraft.flint_and_steel":1,"stat.useItem.minecraft.lava_bucket":72,"stat.useItem.minecraft.redstone":12,"stat.useItem.minecraft.spruce_stairs":105,"stat.pickup.minecraft.chicken":1,"stat.useItem.minecraft.spruce_fence":24,"stat.useItem.minecraft.stained_hardened_clay":7,"stat.pickup.minecraft.sapling":2,"stat.sprintOneCm":79637,"stat.useItem.minecraft.diamond_shovel":48,"stat.useItem.minecraft.concrete":3,"stat.useItem.minecraft.stone_slab":13,"stat.useItem.minecraft.flint_and_steel":1,"stat.useItem.minecraft.bucket":1,"stat.useItem.minecraft.grass_path":91,"stat.useItem.minecraft.mossy_cobblestone":45,"stat.deaths":3,"stat.useItem.minecraft.spruce_door":2,"stat.drop":2,"stat.pickup.minecraft.egg":5,"stat.playOneMinute":188101,"stat.pickup.minecraft.torch":2,"stat.useItem.minecraft.jungle_stairs":99,"stat.pickup.minecraft.red_flower":6,"stat.useItem.minecraft.diamond_ore":19,"stat.sneakTime":16513,"stat.useItem.minecraft.wooden_axe":1,"stat.drop.minecraft.torch":1,"stat.diveOneCm":5211}